Workbook

Sheet Parts
A1: Part | B1: Qty | C1: Length (in) | D1: Total (in) | E1: Used for | F1: In plan | G1: Check
A2: Front column | B2: 2 | C2: 38 | D2: =B2*C2 -> 76 | E2: Front columns; full height, plain square cuts, open top under plywood | F2: =COUNTIF('Bar Plan'!$C$2:$C$18,A2) -> 2 | G2: =IF(F2=B2,"OK","CHECK") -> OK
A3: Rear column | B3: 2 | C3: 36.5 | D3: =B3*C3 -> 73 | E3: Rear columns; sit on bottom side rails, open top under plywood | F3: =COUNTIF('Bar Plan'!$C$2:$C$18,A3) -> 2 | G3: =IF(F3=B3,"OK","CHECK") -> OK
A4: Rail 23 | B4: 7 | C4: 23 | D4: =B4*C4 -> 161 | E4: Front and rear top, front and rear mid, front and rear bottom, back cross rail (26 - 2 x 1-1/2) | F4: =COUNTIF('Bar Plan'!$C$2:$C$18,A4) -> 7 | G4: =IF(F4=B4,"OK","CHECK") -> OK
A5: Bottom side rail | B5: 2 | C5: 30.5 | D5: =B5*C5 -> 61 | E5: Front column inner face to rear end; end cap covers hole | F5: =COUNTIF('Bar Plan'!$C$2:$C$18,A5) -> 2 | G5: =IF(F5=B5,"OK","CHECK") -> OK
A6: Side rail 21 | B6: 4 | C6: 21 | D6: =B6*C6 -> 84 | E6: Top side rails (2) and mid side rails (2) | F6: =COUNTIF('Bar Plan'!$C$2:$C$18,A6) -> 4 | G6: =IF(F6=B6,"OK","CHECK") -> OK
A7: Total | B7: =SUM(B2:B6) -> 17 | D7: =SUM(D2:D6) -> 455 | F7: =SUM(F2:F6) -> 17
A9: Lengths are cut lengths for the 26" wide x 24" deep (outside) frame with 8" tank shelf, 16" clear openings above 3/4" plywood, 1-1/2" tube. All lengths shown to the nearest 1/16".

Sheet Assumptions
A1: Welding cart - 10 ft bar stock cut plan
A2: Blue cells are inputs; everything else recalculates.
A4: Stock bar length (in) | B4: 120 | C4: 10 ft bar stock
A5: Saw kerf (in) | B5: 0.125 | C5: Assumed 1/8" blade; change to match your saw
A6: End-squaring reserve per bar (in) | B6: 0.5 | C6: Held back for squaring the rough bar ends
A7: Tube | B7: 1-1/2" x 1-1/2" x 11 ga
A9: Casters (4) are not cut from bar stock and are not in this plan.

Sheet Bar Plan
A1: Bar | B1: Cut order | C1: Part | D1: Length (in) | F1: Bar | G1: Pieces | H1: Material (in) | I1: Kerf (in) | J1: Used (in) | K1: Drop (in) | L1: Drop after reserve (in) | M1: Status
A2: 1 | B2: 1 | C2: Front column | D2: =INDEX(Parts!$C$2:$C$6,MATCH(C2,Parts!$A$2:$A$6,0)) -> 38 | F2: 1 | G2: =COUNTIF($A$2:$A$18,F2) -> 3 | H2: =SUMIF($A$2:$A$18,F2,$D$2:$D$18) -> 112.5 | I2: =(G2-1)*Assumptions!$B$5 -> 0.25 | J2: =H2+I2 -> 112.75 | K2: =Assumptions!$B$4-J2 -> 7.25 | L2: =K2-Assumptions!$B$6 -> 6.75 | M2: =IF(L2>=0,"OK","TOO LONG") -> OK
A3: 1 | B3: 2 | C3: Front column | D3: =INDEX(Parts!$C$2:$C$6,MATCH(C3,Parts!$A$2:$A$6,0)) -> 38 | F3: 2 | G3: =COUNTIF($A$2:$A$18,F3) -> 4 | H3: =SUMIF($A$2:$A$18,F3,$D$2:$D$18) -> 118.5 | I3: =(G3-1)*Assumptions!$B$5 -> 0.375 | J3: =H3+I3 -> 118.875 | K3: =Assumptions!$B$4-J3 -> 1.125 | L3: =K3-Assumptions!$B$6 -> 0.625 | M3: =IF(L3>=0,"OK","TOO LONG") -> OK
A4: 1 | B4: 3 | C4: Rear column | D4: =INDEX(Parts!$C$2:$C$6,MATCH(C4,Parts!$A$2:$A$6,0)) -> 36.5 | F4: 3 | G4: =COUNTIF($A$2:$A$18,F4) -> 5 | H4: =SUMIF($A$2:$A$18,F4,$D$2:$D$18) -> 115 | I4: =(G4-1)*Assumptions!$B$5 -> 0.5 | J4: =H4+I4 -> 115.5 | K4: =Assumptions!$B$4-J4 -> 4.5 | L4: =K4-Assumptions!$B$6 -> 4 | M4: =IF(L4>=0,"OK","TOO LONG") -> OK
A5: 2 | B5: 1 | C5: Rear column | D5: =INDEX(Parts!$C$2:$C$6,MATCH(C5,Parts!$A$2:$A$6,0)) -> 36.5 | F5: 4 | G5: =COUNTIF($A$2:$A$18,F5) -> 5 | H5: =SUMIF($A$2:$A$18,F5,$D$2:$D$18) -> 109 | I5: =(G5-1)*Assumptions!$B$5 -> 0.5 | J5: =H5+I5 -> 109.5 | K5: =Assumptions!$B$4-J5 -> 10.5 | L5: =K5-Assumptions!$B$6 -> 10 | M5: =IF(L5>=0,"OK","TOO LONG") -> OK
A6: 2 | B6: 2 | C6: Bottom side rail | D6: =INDEX(Parts!$C$2:$C$6,MATCH(C6,Parts!$A$2:$A$6,0)) -> 30.5 | F6: Total | G6: =SUM(G2:G5) -> 17 | H6: =SUM(H2:H5) -> 455 | K6: =SUM(K2:K5) -> 23.375
A7: 2 | B7: 3 | C7: Bottom side rail | D7: =INDEX(Parts!$C$2:$C$6,MATCH(C7,Parts!$A$2:$A$6,0)) -> 30.5
A8: 2 | B8: 4 | C8: Side rail 21 | D8: =INDEX(Parts!$C$2:$C$6,MATCH(C8,Parts!$A$2:$A$6,0)) -> 21 | F8: Bars to buy | G8: =COUNT(F2:F5) -> 4
A9: 3 | B9: 1 | C9: Rail 23 | D9: =INDEX(Parts!$C$2:$C$6,MATCH(C9,Parts!$A$2:$A$6,0)) -> 23 | F9: Utilization | G9: =H6/(G8*Assumptions!B4) -> 0.94791667
A10: 3 | B10: 2 | C10: Rail 23 | D10: =INDEX(Parts!$C$2:$C$6,MATCH(C10,Parts!$A$2:$A$6,0)) -> 23
A11: 3 | B11: 3 | C11: Rail 23 | D11: =INDEX(Parts!$C$2:$C$6,MATCH(C11,Parts!$A$2:$A$6,0)) -> 23 | F11: Cut each bar longest to shortest. Bar 2 is the tight one (1-1/8" drop before the squaring reserve).
A12: 3 | B12: 4 | C12: Rail 23 | D12: =INDEX(Parts!$C$2:$C$6,MATCH(C12,Parts!$A$2:$A$6,0)) -> 23
A13: 3 | B13: 5 | C13: Rail 23 | D13: =INDEX(Parts!$C$2:$C$6,MATCH(C13,Parts!$A$2:$A$6,0)) -> 23
A14: 4 | B14: 1 | C14: Rail 23 | D14: =INDEX(Parts!$C$2:$C$6,MATCH(C14,Parts!$A$2:$A$6,0)) -> 23
A15: 4 | B15: 2 | C15: Rail 23 | D15: =INDEX(Parts!$C$2:$C$6,MATCH(C15,Parts!$A$2:$A$6,0)) -> 23
A16: 4 | B16: 3 | C16: Side rail 21 | D16: =INDEX(Parts!$C$2:$C$6,MATCH(C16,Parts!$A$2:$A$6,0)) -> 21
A17: 4 | B17: 4 | C17: Side rail 21 | D17: =INDEX(Parts!$C$2:$C$6,MATCH(C17,Parts!$A$2:$A$6,0)) -> 21
A18: 4 | B18: 5 | C18: Side rail 21 | D18: =INDEX(Parts!$C$2:$C$6,MATCH(C18,Parts!$A$2:$A$6,0)) -> 21
